,name
0,tkersey
1,njonsson
2,bangpound
3,vincentkoc
4,Rud5G
5,mlsj1
6,syug
7,varungupta
8,esneko
9,neopunisher
10,jazzwang
11,begoon
12,fly51fly
13,fallenpegasus
14,fribeiro1
15,brase
16,chchrist
17,massimoselvi
18,ScottJWalter
19,mikeputnam
20,adeelahmad
21,mindcrime
22,informaticadiaz
23,MarceloNascimento
24,skowronek
25,dsoul
26,dmsbilas
27,thimslugga
28,leecardona
29,threecups
30,shyuan
31,nara
32,dning1
33,openam
34,semsphy
35,DaemonCahill
36,Cambera
37,riyadparvez
38,nattfodd
39,mitaka
40,ZhangYunfang
41,temosy
42,threadstonesecure
43,manuelhunziker
44,ambagasdowa
45,daball
46,pedro-lima
47,alexharvey
48,josh-fisher
49,subidit
50,pdevenraj
51,jtmoon79
52,nerandell
53,raghuboosetty
54,tdmalone
55,34code
56,burib
57,whn09
58,bobbyearl
59,figpope
60,alishir
61,ahlfors
62,bsrz
63,mailmahee
64,mihkels
65,daefresh
66,dofstar
67,codee
68,LisaDelaney
69,EdZava
70,pmanolak
71,kistasi
72,tariqwest
73,afelicioni
74,firebitsbr
75,glaucodiogo
76,gunkaragoz
77,manjunathd
78,afonsoalban
79,ewnd9
80,rsaa
81,hvn0413
82,duxing2007
83,ste93cry
84,terran1942
85,jloiola
86,itanoss
87,anujku
88,thesobercoder
89,bygbyron3
90,rickymaciel
91,KevinGimbel
92,d-shimizu
93,zsp0817
94,konamo
95,voldyman
96,golf-x
97,alexjennings
98,Spinfusor
99,xiupitter
100,somaditya
101,apjowen
102,usui-tk
103,onenonlycasper
104,dengqixing
105,Davi-He
106,godsoul
107,kumar-nitish
108,toku345
109,snoop0x7b
110,PandaBlessing
111,andyuls
112,juanjoruiz2109
113,mangualero
114,haydenthai
115,yannickboog
116,proverbs53
117,Rajivhost
118,universewrld
119,dpapageo
120,HJiefeng
121,larsfi
122,kkpan11
123,plumcube
124,magigo
125,ahmadfaizalbh
126,flukebox
127,jakebrinkmann
128,simar1998
129,CheeseTurtle
130,AAbasinejad
131,virtuoushub
132,huamichaelchen
133,mumblepins
134,b3nkos
135,bretdarby
136,srinitude
137,the-watchmaker
138,codinggooner
139,kimpenguin
140,pthbinh92
141,mychen-ustc
142,weisberg
143,ace-coder
144,infinitedreams9586
145,tusharsoni08
146,hoansgithub
147,ritesh-singh
148,schallerala
149,alexxyjiang
150,XiaomingX
151,star-fx
152,amavlyanov
153,garciparedes
154,keshabb
155,denu5
156,mcybulski
157,o-kakade
158,designisaverb
159,s0nlxaftrsh0ck
160,asadhaye
161,darasat
162,mklemann-com
163,nikkidada
164,tiloyi
165,roykalony
166,zhangxiangdong
167,thomasdalbert
168,LavenderDaisy
169,edisona
170,Steven-Acomb
171,kevcooper
172,jodavaho
173,side9show
174,teeksingh
175,kevingrondin
176,koyashiro
177,devikirang
178,unlitdev
179,well1791
180,mleziva
181,ajian005
182,ykaidashov
183,ankur-gupta
184,Malacarne
185,anand-b
186,stdexception
187,MatterhornProject
188,tolgabuyuktanir
189,cash2059
190,rajabalaji-mp
191,anobil
192,radiochickenwax
193,vedamj01
194,cocavo
195,jafferlin
196,yixiuhua
197,rodazuero
198,JustCallMe-AK
199,henriquerick
200,JoeyCai
201,Wyvernslay3r
202,gabrlyg
203,paulosiciliano
204,martinvaldivia
205,rdczhby
206,mys328
207,billykwok
208,andrey-berenda
209,sinhang
210,Pal3love
211,Lakshmiaddepalli
212,mohamed-abdelsattar92
213,rawer886
214,junhong202
215,thanhcsf
216,junaid109
217,arpitgo4
218,roykhoury
219,bafeiyu
220,Ylmzef
221,everXu
222,anlexN
223,Janujan
224,fwblcz
225,elaineleung
226,djinl520
227,protyay
228,selfishprimate
229,Mwalthery
230,GregAllenSmith
231,zgover
232,avestura
233,aspindle
234,pqrsooo
235,evanshrestha
236,bos-hieu
237,hanautoparts4u
238,sonimonish00
239,ljesparis
240,imvikramn
241,massivelivefun
242,garrettrh
243,adanone
244,ghishadow
245,shower1986
246,mseld
247,JasonYe88
248,seshurajup
249,xiaopizi19
250,pelamlio
251,Asavarkhul
252,ajay340
253,custadian
254,KlwntSingh
255,FelixFeliciant
256,learnerzhang
257,gamedebug
258,jonathanarodr
259,baboooin
260,osama-ahmed
261,nir-zilberman
262,changyongyong
263,bigDP
264,WajahatSiddiqui
265,markjohnlucas
266,Vaibhav
267,manavchoudhary
268,mrcharlierace
269,nikolaospapachristou
270,CallmeTorre
271,jcarlos001
272,vslala
273,peterjlay
274,Ngel-Castro
275,rilek
276,dawei-wang
277,George-Petrovski
278,DominikHorn
279,bptorao
280,JeffUssing
281,edstgo
282,yxblee
283,barisates
284,ankkrish
285,pratickRoy
286,pereirakadu
287,justinsamuel92
288,ryanulep
289,dotsnangles
290,609151318
291,RyanAugust
292,dbarrington
293,knhnd
294,akari0624
295,noid11
296,ioing
297,AruulmozhivarmanS
298,Tusharjagi
299,ivaylo-yordanov
300,rramirez0203
301,emullaraj
302,theranajayant
303,jkjavier
304,mcguegi
305,nbhirud
306,fischerleon
307,UmutSERIFLER
308,zhu0823
309,Joe192168
310,SanHacks
311,LindaHaviv
312,ball582
313,dmitrykrisko
314,qmajid
315,we1l1n
316,jhhe66
317,thangnm93
318,NikhilRyan
319,dongzhuoyao
320,jason1004
321,xuelangqingkong
322,godobyte
323,chanffdavid
324,anomaly-88
325,undabah
326,aymenbelarbi
327,ashish936
328,giotramu
329,0xlkda
330,guilhermebc
331,SMBgurus
332,brentclay
333,mate-h
334,artur-sak13
335,yorshreynoso
336,yehuizhang
337,rubenca01
338,AAdewunmi
339,balao7
340,flaviopavim
341,Zenidog8
342,aiwongs
343,devcang
344,kalsyanpradeep
345,charaton
346,jadanah
347,vonzou
348,jaymahfudy
349,maxsxu
350,keita-hino
351,KyuDounSim
352,depers
353,Anirudh257
354,jmartins-sh
355,satyarajreddy
356,Prithvish04
357,AnsonHwang86
358,xzm2004260
359,anirudhbagri
360,STCYC
361,rsmelo92
362,StrangerCoug
363,keren123
364,paraskevasleivadaros
365,Grimgog
366,noodanee
367,alobe
368,zhuzixian520
369,JadeCong
370,VitorSouza7512
371,ProfessionalBoatDrifter
372,dancause
373,ltlwill
374,graceko22
375,paletode
376,Timotej979
377,erenaslandev
378,serhiiklenachov
379,camerondurham
380,khanhhuy288
381,gstair
382,wwfyde
383,hotsticker
384,ningfc
385,RishabhKr97
386,jiangoz
387,ardasatata
388,Murplugg
389,tanvirstreame
390,kworkbee
391,arnab-ray
392,yuriykuntsyak
393,StarDustTwinkle
394,bahadirsahin
395,SMSesay
396,jamestiotio
397,anuj97
398,yaelBrown
399,motmaytinh
400,desaidn
401,NoxGamingQC
402,aravinthakannan
403,lingjiekong
404,diohsb
405,janviyao
406,hijiki51
407,mksarge
408,pradeepkni382
409,rdnasim
410,shrinidhibarthur
411,StrangeKnowledgeIncresed
412,canering
413,Austin47
414,shokriw
415,franklin-monreal
416,xxh031203
417,dororoholic
418,chipro
419,lossfunc
420,loumalouomega
421,james-sungjae-lee
422,garyhtou
423,d3v2null
424,msweetland
425,wrslatz
426,alfaisal7313
427,jrjm1111
428,mitutitu16
429,ShuhaoZQGG
430,akashsathyan
431,sushant-joshi
432,chrisskhoury
433,djvelimir
434,jeremychauvet
435,alxporto
436,riturajDas
437,Logicus03
438,chinchillajared
439,isabelchaves
440,shikharsaxena98
441,flukelaster
442,rjuer
443,mussieh
444,pawa2007
445,lintsai
446,6thpath
447,nj1787
448,rockychang7
449,hanwgyu
450,wudangqibujie
451,DihanDai
452,drewfrost
453,bixo-d
454,MUmarJaved
455,contimatteo
456,amaankulshreshtha
457,surajsahani
458,hackenbacker
459,petronem
460,my1795
461,Pzoom522
462,SpeicherA
463,nityansuman
464,akbarboghani
465,hahacyd
466,wangtiechuan
467,lynmison
468,linshan-ma
469,EngineerMichael
470,anaghkanungo7
471,RickyC0626
472,WladFrazao
473,Ming0217
474,caesar-one
475,xuepengwei
476,Ishanna
477,pavankalyan-nvs
478,JoeRMiller
479,luwen193
480,devStarscream
481,nkn6294live
482,FanJups
483,ShwetaShivangi
484,amwi04
485,mnk400
486,pd14196
487,samirdjelal
488,tychodev321
489,TheFJS14
490,Baleryom
491,caitinc
492,almokhtarbr
493,andreacip
494,alexanderafanasov
495,duranbe
496,thapaashis110
497,soccernut
498,mdobro1
499,royswale
500,saneknight
501,AnhTrieu
502,janmarkuslanger
503,morinyan
504,gujiacun
505,adileone
506,BIGChask
507,mapjx
508,fuhaoma
509,DXLZ
510,nuffQuantumSayd
511,nfedtech
512,kekemao00
513,lamsd
514,anuq
515,igorasantos
516,metaphor0
517,iashutoshtiwari
518,yaravi
519,skippermin
520,masakiasami
521,gurtejrehal
522,huannvttd98
523,SantosCristiano
524,thatbeautifuldream
525,happyqq
526,iameduardod
527,wuchunfu
528,venkate5hgunda
529,NousheenAnwar
530,whuhxb
531,ks1990cn
532,ronnielutaro
533,samutich
534,jongan69
535,nmoisess
536,kayericson
537,tjolr
538,LuGO0
539,rishikavikondala
540,lodhik9
541,cultivate5253
542,elafifi
543,akazyti
544,boomer2752
545,Luccasoli
546,benmassaoud
547,abheesht17
548,ShrivatsAgrawal
549,farhan-2202
550,HebaElGalad
551,himanshututeja1998
552,sevenhqj
553,AsadAmir111
554,CWHer
555,Pei1133
556,proKress
557,SamuelMaculuve
558,pasenchenko
559,jinjidong
560,eemailme
561,Nikronic
562,Razdeep
563,jkh920184196
564,jimbrig
565,FenTheDev
566,Dxdzy86
567,ThaoNhienNguyen-Erika
568,chunkSpadunk
569,patrick22414
570,diguapao
571,pseshadri9
572,Jiahuan-Pei
573,AdityaSoni17
574,shelthack
575,dykderrick
576,johngunerli
577,aijls
578,akashmdkml
579,Menotron
580,smustafa75
581,nanaboat1
582,eshack94
583,S-Swaroop
584,HellCat1024
585,Karim-53
586,EthanC-8
587,nitinnbisht
588,ericpark123
589,Matheus-ESW
590,allenduchaoyuan
591,Yulv-git
592,hexolan
593,moqsien
594,MilleniumSpark
595,sagsango
596,Programador89
597,robertgro
598,JasonMoon95
599,limeng92
600,raashidanwar
601,jackpan123
602,bshreddy
603,TsukasaSeto
604,almiracioly
605,PallaviVarandani
606,alvinlal
607,Rookl
608,awabasher
609,Katsukiniwa
610,huuquyet
611,PMcTwist
612,hqng
613,MahaboobDanish
614,rkv0id
615,MadeInLondon
616,SimonVonXCVII
617,sigsant
618,celikgokhun
619,shiva0612
620,rroohit
621,jk4freedom
622,kyamashiro
623,LasVegasBilly
624,Turbocaspal
625,davnunes
626,afondiel
627,johnnyrtrentin
628,stnorbi
629,stacyrymer86
630,zero-null
631,jh9875
632,eduardoteles17
633,GITWHB
634,devinkg
635,ricardosuman
636,mencarellic
637,GitbitGit
638,rabbithophop
639,ftf1218
640,hirawatt
641,adilet-saken
642,marcomamprin
643,Thejuskbenny
644,TomasDavidYe
645,nanaxumu
646,adyilam
647,GabrielFerrante
648,13995595007
649,tinahuang222
650,edgaramirbekian
651,Bhavuk-Garg
652,Mzon2857
653,thiagomares
654,skleee
655,mjsheikh
656,anishamalde
657,easy147
658,TeddyCom1
659,prabhumns
660,VSXV
661,HyunjunA
662,harishravi121
663,Habib16051
664,iamharvey
665,rahul-zomato
666,ricardopra
667,avanishvyas
668,inframarauder
669,YjqZhouxiao
670,adhamsalama
671,LuoTailong
672,AtaraxiaZ
673,hyanzhang
674,sovansambath-phann
675,rkej
676,jinshuye
677,ibn-khafagah
678,kartikeytewari
679,md-arfin-cse
680,johncruyff14
681,johan-lab
682,ambanerjee
683,bzamith
684,deviknitkkr
685,Abirul
686,ranefattesingh
687,nesakobi
688,yungwarlock
689,hunghg255
690,matoszz
691,andrewdge
692,RobertConde
693,rksamu
694,hartl3y94
695,ramitkataria
696,saarthdeshpande
697,hxinn
698,leechenze
699,Dexterzprotege
700,alan713
701,sandrawilczynski
702,ManojTGN
703,Debarshi95
704,gauharayub
705,GowthamSk1
706,PolyTroid
707,middas-0706
708,seanwynwins
709,WendyYanto
710,sangamesh-kodge
711,claudsonbarros
712,yotamnahum
713,huiminlim
714,sumukhteja
715,JankinTian
716,Pcharlot13
717,djmcclary
718,theroyakash
719,sadoreko
720,billsenxu
721,MarcoSantonastasi
722,grg124
723,cheungfujai
724,amadsalmon
725,infinitepower18
726,ashr4f1arr2ad
727,akbarabdul80
728,rgdyy
729,shayanekat
730,fellipematos
731,Disciple0fMarx
732,VE5ETA
733,KlinKlinKlin
734,ishu-thakur
735,brijeshbhalodiya
736,zaaakher
737,XRLZX8
738,soumyadbanik
739,zhnzhang
740,yhf98
741,xjhofernandes
742,gauravagrwal
743,torys877
744,juanca-jimi
745,mapy1874
746,JohnDNC
747,zeelsheladiya
748,ImKunYoung
749,EduardHov
750,kamelbendi
751,mitchell-cheng
752,Soumil-Bhattacharya
753,mahmoud-elghonemy
754,johnmccants002
755,samedsemihs
756,jupdec
757,moramadan98
758,aymandarwish
759,porum
760,HongLouyemeng
761,maniac1122
762,Sambit650
763,haja-fgabriel
764,kohring
765,okonri
766,paulohenz
767,leopoldoH
768,cnhuz
769,liltommy1dev
770,Wwillers
771,owini
772,amirmojarad
773,RichardZj
774,hellomikko
775,MarcoSteinke
776,yanquanfahei
777,acox216
778,smy1999
779,switcombe
780,anujchoudhary-17
781,mazrean
782,XrosLiang
783,994Simone
784,matheussooares
785,Mystic-77
786,bruno-aires
787,Jirigesi
788,PerfectYellow
789,imokhtar
790,GvHarish9894
791,ArthurAnastopulos
792,w3dg
793,guilefoylegaurav
794,denmj
795,burakaktna
796,frankxzAmazon
797,ericwidjaja
798,mirfanaslam
799,nayeonshin
800,danieloliveira01
801,xiaozhiob
802,u-yas
803,smelouah
804,icqmula
805,ndagan
806,dmascheck
807,Abhirajnow
808,sanjuchandra
809,sadiqshaik123
810,cccaimingjian
811,anurag01a
812,masrafi115
813,Liebmann5
814,sm-heard
815,Abhijrathod
816,leonardoknakagawa
817,agastaldellomaccomit
818,steffiypx
819,AdnanAaddi
820,MaxDeveloper16
821,hchen19
822,leonardofhy
823,tenpa007
824,gtrman97
825,clay-curry
826,MuffinAmor
827,amiranbari
828,Natur3-Boy
829,rushilenekar20
830,soma2000-lang
831,jin-sungdae
832,Git-Codder
833,Ayush-Pujari-07
834,songziqwq
835,goillotc
836,2019-GitHub-Chu
837,Tarsisnbs
838,dylenchang
839,chinkin707
840,azwpayne
841,fabianozonta
842,frankporco
843,surajongithub1986
844,adithya1010
845,sametcn99
846,HUNG-rushb
847,Aditya-Khemka
848,chanwoo00106
849,FrankQixiangGao
850,WonJoongLee
851,alikemalozgumus
852,Codesmaster-lab
853,gwd666
854,dhanrajswami
855,Supriyo8799
856,Maher-RJ
857,Dajun-2019
858,0xa3k5
859,LuanGomes12
860,stevenrsewell
861,Symon629
862,martintaylor1635
863,kranti2201
864,prad-j
865,jaquespavan
866,nholuongut
867,huiyouyou
868,vignesh5535
869,huai-jie
870,bipin0x01
871,chrichri17
872,GessioMori
873,TylerMamrot
874,danmslamt
875,Pecorari
876,1MuhammadFarhanAslam
877,br8km
878,najmehn00
879,Uplift-0508
880,samtimur
881,ajmalbinnizam
882,TatsuyaNakagoshi
883,jigordev
884,NonymousMorlock
885,EfeAcar6431
886,akinfelami
887,avstreamdevpro
888,kqiq
889,NaoyaTatetsu
890,mijung-in-11st
891,simonjgr
892,osman-nazir
893,Vigneshkumar212
894,mrwanggang-crazy
895,BraeSleepn
896,avadhutjc
897,MLHaddon
898,Capital-SetMawHtay
899,sumairq
900,jcork4real
901,samr874
902,aditya-repos
903,spencerlepine
904,calbergs
905,yusuke-z
906,Yuri-Mendes
907,jimmysmits
908,Drag0nf1y
909,JohnDoll2023
910,Saipraneeth99
911,santoshlite
912,vinodpatildev
913,leejoonhun
914,mmhamdy
915,lorenonzi
916,baisedongtian
917,arqam365
918,hiyyg
919,zustems
920,VitorAkira-me
921,Jesus-Retr0
922,solfonte
923,PrideStudio
924,DevOps920719
925,Matt-Bulk
926,xiao-cy
927,meijihatakeyama
928,galichy79
929,thefaheemkhan
930,Flaiers
931,HenriqueFurtado-Dev
932,Derokkk
933,Shahna-C
934,chosungmann
935,grahamwaters
936,deezeddd
937,jaymepsantos
938,mohamedhabibwork
939,Rayane-Aboud
940,hueiwhfa
941,anurag1504t
942,rudra-code-creator
943,rajveer43
944,Kushan2k
945,Thilak-KN
946,Tiger15cub
947,AesisGit
948,rafaelporfiriobarros
949,OBud75
950,yosefkiros
951,benzebra
952,HamdanAr
953,ralintuscano
954,rhattox
955,FurkanEdizkan
956,Tyalor
957,SegaGLm
958,celso-na-teixeira
959,nilesh05apr
960,EM51641
961,seanpm2001
962,thiagomendonca-eu
963,rainmana
964,dylanhood
965,chris0765
966,JohnPPinto
967,Pquar
968,oss-mad
969,TrNgTien
970,Mindula-Dilthushan
971,AHANCIT
972,sebaminaya0
973,d-t-n
974,vinoth-techie
975,rbuchmann77
976,Rameshraj55
977,SeifEldinMohamed
978,SteCC
979,daniel-dqsdatalabs
980,JoseRicardoPE
981,PhumyJS
982,yuyingjun0922
983,shakhzodtojiev
984,ShabbirHasan1
985,klkuoguru
986,ggopal13
987,angeloS-98
988,yagikota
989,DougRog
990,ipez98
991,litingyes
992,buddy1276
993,rdbender
994,balajiCubie
995,uivid64
996,deevanshu-k
997,linquint
998,pjiang15
999,jeanhackpy
1000,PhaedrusFlow
1001,nguyen-duy-tan
1002,Tpeach9474
1003,KennyOliver
1004,ronnieangeles
1005,Lucas-sudo-dev
1006,mahmud0v
1007,carnate-tech
1008,AldairAvelino
1009,mertkilix
1010,Ghost1386
1011,asmnajmussakibkhan
1012,IgorNatann
1013,harshitclub
1014,ketanxos
1015,istellaliu
1016,QuantumBoy1010
1017,polygonnedpotato
1018,MadushanNimantha
1019,Choikyudong
1020,Harshi-itaSinha
1021,anthowest
1022,emiltervo
1023,gustavoturin
1024,mohd-salem
1025,Infisrael
1026,bjin0822
1027,MateSousa
1028,marcelozepeunam
1029,canyoldas0
1030,erfuun
1031,madcitymultimedia
1032,arunavabasucom
1033,JonathanCristovao
1034,ugke
1035,Gustavo-Murdiga88
1036,uk-2
1037,Jiyu-Kim
1038,aadarsh-af
1039,karthikmurakonda
1040,fantastic0206
1041,littlelionly
1042,thunder-007
1043,Rahulengineer-spec
1044,ibarraz5
1045,vidda5
1046,AndreiMariciuc
1047,tatvil
1048,michelececcacci
1049,nabeelnoor
1050,sherlcok314159
1051,mist1024
1052,elerner42
1053,vedantraval2310
1054,juliana-silva-hub
1055,mrrushikeshdaund
1056,sudongyuer
1057,LlandspitRunzingf
1058,jianan1104
1059,Westsi
1060,AnmolVerma404
1061,JoseLopezSolis
1062,Ashish0898
1063,muratali016
1064,ozancck
1065,farinaceos
1066,zamoosh
1067,KISHORE-KUMAR-S
1068,anadeem2
1069,VincentIhab
1070,natdosan
1071,ManojJ07
1072,VictorSordi
1073,cx63cc
1074,riadelimemmedov
1075,ForBai
1076,David7ce
1077,EduardoCorazon
1078,aoshenx
1079,rcyaon
1080,DamonAustin
1081,chococandy63
1082,sozelfist
1083,itsRealEllis
1084,weiliw-amz
1085,llllllilllilliii
1086,VenuGarlapati26
1087,samliu90
1088,gerald924
1089,FukazawaKazushi
1090,TheTrueKen
1091,TakahirosGithub
1092,StephenOravec
1093,sccvn
1094,yaroslav-honchar
1095,sbdeveloper90
1096,BilgeBalga
1097,loupprodi
1098,shirushi-dev
1099,Samruddhi362
1100,lettymoon
1101,clearljn
1102,jiaweicai92
1103,Mairobinsky
1104,pritamkpratihari
1105,HenryDV
1106,uDanielBispo
1107,federicoreppucci-deliveroo
1108,buiquangthanhcode
1109,Jibe7
1110,MJ-Tech-H
1111,KendallDoesCoding
1112,Shrey-Srivastava21
1113,niravpi
1114,Itisjigar
1115,piyusagr
1116,junzmint
1117,enricoasc
1118,rakshit782
1119,PoojithaIrosha
1120,adnene-guessoum
1121,Yajie-Zhang
1122,huseyingirgin-eva
1123,script-lab
1124,ccampa896
1125,Nandita-SB123
1126,protechq88
1127,poojasundar15
1128,me-deshpande
1129,Ahmedhamza1232001
1130,nurullah-arican
1131,ariyandevanand
1132,ishika1501
1133,mdzaberalhamid
1134,MuziZwane
1135,ahamedrujhan
1136,batz-gg
1137,jmoore78
1138,saitejar110507
1139,ekaterina4952
1140,KalvenDebig
1141,kumartul
1142,eaxoy
1143,charan11sv
1144,YoliswaD
1145,frankpengau
1146,wanjanhasan
1147,Phillipe-Hugo
1148,Hoanganhvu123
1149,ndnan
1150,MarshallOkafor
1151,NickMezacapa
1152,fedebayer
1153,xwillxu
1154,danielaiyuan
1155,tkm9602
1156,NavratanPatel
1157,Paarasjoshi
1158,Tahsin411934
1159,Samruddhiiii
1160,fvarghese99
1161,rediahmds
1162,nishantb06
1163,Louuuaiii
1164,FelipeFama
1165,marcusPrado02
1166,Arshu200
1167,josephmartinmoran
1168,AndreCoutinhom
1169,natamartins
1170,techlobster
1171,elcnu986
1172,sssamm29
1173,NChub
1174,techprogo
1175,mgaspirc
1176,SarfarajRahmn
1177,Aniketchaudhary16
1178,JeromeXapix
1179,ClaudiaA18
1180,stoicsapien1
1181,ElizabethJoseph25
1182,dfordp
1183,Manbendra2014
1184,Saleheddin
1185,enVId-tech
1186,heshara2000
1187,Saba42V
1188,Shahid6289
1189,henry-vipnet360
1190,jsSmash
1191,thrashghost
1192,prejin2310
1193,alismask
1194,rodrigommar
1195,Sudhanva-Nadiger
1196,FelipeBNascimento
1197,ethangtkt
1198,mb4m1
1199,Lucas1114
1200,puppsupr
1201,neox-d
1202,naji0329
1203,SuperSmile0109
1204,Giasinit
1205,apella1
1206,0laday0
1207,pannacottaaaa
1208,mars-aria
1209,RichardMulambuzi
1210,RYANFRANKLIN237
1211,shfjdgadg
1212,Thund3rHawk
1213,LaughingJackalope
1214,ygill
1215,isaacbrendel
1216,Avidlearner001
1217,zagui-master
1218,Ganesh972
1219,marupon3910
1220,Fuko-Ibuki
1221,JeffreyChim
1222,supbrice
1223,black-mold
1224,BrunoGr0883
1225,tomgangwang
1226,emmyoh
1227,alxnjalex
1228,molochnyh
1229,leonardonakagawa
1230,chkp-bryans
1231,hgnzheng
1232,itsagurin
1233,sghost13
1234,SpikyWU7
1235,shashank-mishra14
1236,missAnneThorpe
1237,KoolSoul
1238,Naveen2334
1239,IAMPARSI
1240,LeonMS123
1241,HarshitC-27
1242,nosh09
1243,Angie-Zhang
1244,skycomestatus
1245,Vladdstian
1246,satayuji
1247,HJPandey
1248,ryanherd
1249,AmineLemsih
1250,gremsyQuanLe
1251,LKChigumadzi
1252,Kenaaaaaa
1253,koray-aydin
1254,lchen104
1255,louisphihaihoang
1256,RahulDubey391
1257,SnKToR
1258,Rupesh510
1259,vatsal-30
1260,akshit2257
1261,pppppyamaP
1262,Rajesh562020
1263,Trik01
1264,zahidhussain998
1265,hemsridh
1266,Vijay3725
1267,DDDavey
1268,adoussal
1269,iopebiel
1270,lowep
1271,yolo102938
1272,FlawlessCasual17
1273,dhineshprabakaran
1274,qdclub
1275,asimpson0000
1276,dmytrochumakov
1277,thatme12
1278,JaRLenZhang
1279,The-code-is-secret
1280,jeremyw-dobeu
1281,christine-sandbox
1282,Comosaycomosah
1283,maxrathmann
1284,AaronSMathew
1285,FIDEL7Z
1286,rohit250799
1287,MirboboyevJasurjan
1288,General-MP
1289,lucasaraujodev
1290,vishaal3301
1291,aka5050
1292,truemanstock
1293,tori-ham
1294,wanshiyule
1295,dubytang
1296,jasonthedataguy
1297,AContesini
1298,julianomolinari
1299,Ponthezs
1300,xMxrgan
1301,akhmadmamirov
1302,ParagDD
1303,bourbakiN97
1304,Myceliose
1305,mil2tech
1306,menawi
1307,ad0niram
1308,chrisgomad
1309,looooooooy
1310,ayitharevanth
1311,Ashishh0007
1312,seespike
1313,ropdias
1314,penguinpottery
1315,crr-bbai
1316,ComprehensiveAmoeba
1317,RohithTurlapati
1318,andedavd
1319,WLHQ
1320,manuelortizus
1321,aibolu
1322,MaxBryne
1323,Frisek
1324,shanenichols-channeladvisor
1325,mircoisendu
1326,soriqoo
1327,doy209
1328,ThecoderPinar
1329,romans1234
1330,silviana-hs
1331,risingcurve
1332,rigvedp97
1333,sahanediriweera
1334,Raghavendra-Yadav
1335,jcf170030
1336,vladelets-vselennoy
1337,ThomasCode92
1338,paulaPSOx
1339,Pranav-raja
1340,rsenthur
1341,xmartinsbr
1342,dhrubajyotifounderofDSoft
1343,alpharomercoma
1344,JulienCamp
1345,ryan-w-roche
1346,montyma-amazon
1347,BryantVencil
1348,Vasco-Arts
1349,YgorAlcantara
1350,akshaygp18
1351,AgentofPhoenix
1352,JapnoorHere
1353,Zaka123456
1354,Pulimi1991
1355,modabossymaxk
1356,gurawliprakhar
1357,TheNicCraft25
1358,xingole
1359,Janxxxx
1360,chukstochi
1361,srdegbe
1362,chuzairnisar425
1363,IzaacCoding36
1364,Emzie2212
1365,chacin04
1366,pushkarcode
1367,bbazwalt
1368,astuteIsrael
1369,zhaoyumin2022
1370,Calum09
1371,mshtorache
1372,anbinh93
1373,TN-Junior
1374,Itzkuldeep444
1375,rafaelgandis
1376,iamchiranjeebpanda01
1377,gsoni1
1378,aniruddhawathare
1379,Qianru69
1380,samiamorshed
1381,mrlizhaozhi
1382,chris6090
1383,soorajaryan007
1384,IKashCode
1385,Anmol5519
1386,krishnaghugare
1387,fernandobraz88
1388,bhargavbijjam
1389,Lucasqrz1
1390,sachin21t
1391,RomDev7
1392,doski22
1393,allaboutevemirolive
1394,hongbo-wei
1395,mdhumairraza
1396,Laindrion
1397,kdelcampo13
1398,Hoppeful
1399,vaddikeshavareddy
1400,MahdiCodee
1401,DonzerHD
1402,darenj456
1403,coder-nian
1404,shubmanh
1405,kybex11
1406,VasanthamHimaanshu
1407,luizvulpi
1408,SvipWangyh
1409,innocentc
1410,gtamaral
1411,1jana0
1412,beyzaaydogan01
1413,ardattoprak
1414,Armkas
1415,weeeam
1416,mgtian03
1417,Vincent-Y5
1418,GuilhermeeCustodio
1419,rajwadejii
1420,carlosgomezi
1421,fevziismailsahin
1422,Prateek-Wayne
1423,1allan2
1424,RaviYadav02
1425,DadMouth82
1426,jvitorlk
1427,Su-Tcode
1428,gitteedara
1429,iam-back
1430,Ananya2311
1431,MaxwellNi
1432,eloidieme
1433,winfredbo
1434,DeclanGH
1435,xcrar
1436,Sheepdog2022
1437,TechAbraao
1438,Salvapazzo86
1439,Mohamed988o
1440,jessepeq23
1441,htiennv
1442,Shashank1407
1443,AngelCen14
1444,rsmaayon
1445,jouaraujo
1446,ali-fraz
1447,sbaws
1448,rany01
1449,Anis-Web
1450,Ig0rFA
1451,Som-III
1452,mparameshkumar
1453,wshanleee
1454,ansh2903
1455,konpap-chan
1456,LuizGup
1457,sudoblanc
1458,Arun-gox
1459,DominikWunderlich
1460,amitsingh2022
1461,bonnysi76
1462,misaelsp
1463,developer1618
1464,JaafarLezzaik
1465,AliHossam98
1466,Renpeng01
1467,shanechioa
1468,LekshmiPrakashhh
1469,pchalise7
1470,Eleutber
1471,Valliebby
1472,camilasoares045
1473,poemww
1474,Sray47
1475,Johnvesslyalti
1476,Alexdon1988
1477,jinholee-lab
1478,aminbiography
1479,Svetozara3363
1480,alejandro-requena-cervera
1481,MarcelloCordal
1482,github-world192
1483,rajeshkanugu
1484,sivalaxman07
1485,Chetan-Patil-52
1486,pookiecookiee
1487,raphaelguardiano
1488,choiruddine
1489,Nithin-singiri
1490,adiibnuajat
1491,krishnagptamcs
1492,yanwei257
1493,sergiojfsunior
1494,Mjawadasad
1495,GiuLOCX
1496,L-Alexandre
1497,Sebastiaanel
1498,me-Shahriyar
1499,firefitdesgns
1500,eladhon
1501,themrhoffmann
1502,mgrundwuermer
1503,ryanAMZN
1504,Philipabao
1505,bnmbz
1506,Chadkendu
1507,Olaffson
1508,Hamza-H10
1509,Serenitychic
1510,FranPiBe
1511,karthik121222
1512,AbhisekWebDev
1513,timboslice832
1514,braedonbillingsley
1515,gilleswb
1516,Naruto-79
1517,aostar168
1518,shivam-tadas
1519,tinajiang26
1520,marcosdataleal
1521,Rhettliu66
1522,nandarshan
1523,HappyMicky0317
1524,Andrei-Boghiu
1525,martinOofay2023
1526,josielabreu
1527,Wuzoobia
1528,VISHALVARUN011002
1529,ColdCodedotso
1530,19raulruiz68
1531,zaim03767
1532,Nanigullipalli
1533,imishangrover
1534,wiscdn
1535,ortanaV2
1536,sks972
1537,TheReDNooB
1538,benthvmas
1539,omarhabd
1540,Kayra-Baran
1541,purushoth2603
1542,ywangire
1543,ZenShuHara
1544,chende1121
1545,RamiroBalbo
1546,TF-185
1547,mdadnankh
1548,VidhiS07
1549,AleMartins2023
1550,JCOOPER5646
1551,danylo-miranda
1552,SangaoWe
1553,Maycon-dSilva
1554,viktorhuszag
1555,imanol-2021-12
1556,andregustavoaguiar
1557,aws-apradana
1558,choimikey
1559,nazidul
1560,yudai-shibuya
1561,datamoro
1562,KAEWPRASITKRAN
1563,Maycon-Melo
1564,lanjua5899
1565,TheWitchySarz
1566,JStk-Dev
1567,notjustjoshin
1568,niveshatom11
1569,MaximilianBuchwald
1570,amenihong
1571,MT-Designs
1572,ben9672
1573,YuvalYanay
1574,aristo-alex-develops
1575,Abeldsonndiku
1576,WIN1NG22
1577,GauravDevOps711
1578,BogdanKlimov11
1579,S-PScripts
1580,thiagomorais87
1581,gitgptmin1973
1582,PatientProblemSolver
1583,jiang3d
1584,the-new-fifty-two
1585,DavideSchirru17
1586,RajVishal7
1587,CameronScarpati
1588,thinkerZz
1589,Toony-mahmoud-saad
1590,joaovgcoelho
1591,V-AI-ML-DL-DS-PL-PYTHON-JAVA-GO-2023-0
1592,tree-shrew
1593,Amisha-verma2907
1594,ocupadaparavc
1595,nogueiralf
1596,zactseng
1597,ricberht
1598,ChamelePhantom
1599,abolfazlhajjar
1600,Tariq-Anjum
1601,vedamjamz
1602,adminjd
1603,amandageovanna
1604,justzh
1605,Untilme
1606,Mrisuk
1607,Zzzyyy2023
1608,Chrishargrove58
1609,Kikikickss
1610,luneto10
1611,538mansi
1612,Chris255202
1613,INGVARtattoodjnWEBdev
1614,PPCXZ
1615,arjun-ghose
1616,cvs0
1617,ZumaGr
1618,worriedape
1619,iwauta049
1620,NikunjWorkDo
1621,rshuba4
1622,sairavi5887
1623,ravigiri91
1624,dminduca
1625,nareshns2004
1626,Euviniciuscouto
1627,LEO-Bloody-Sweet
1628,ThokozaniMntambo
1629,vx-vijay
1630,Sofyaolvs
1631,Valoron
1632,acya-amazon
1633,kidu-s
1634,unstatistical
1635,GiorgioAntonelli94
1636,niroshinimurugadas
1637,chrixcrusher
1638,harishravi131
1639,wishspotting
1640,harishravi141
1641,harishravi151
1642,luisdavidpaz
1643,nfrwt
1644,JustSouichi
1645,suncoastcloud
1646,Nikhildsaroj
1647,Pranavprasadsinghs
1648,augustomangini
1649,CS-Explorer
1650,miguelkuter
1651,JeromeyDynamics
1652,Pymster
1653,Sethfire2
1654,sfc-gh-cmilton
1655,hightech3
1656,Guilhermedev9
1657,SavetoAI
1658,pawvan
1659,the3letterscompany
1660,unitop010
1661,ANVESHBV
1662,tufanbil
1663,iamakachili
1664,arturogaitatzis
1665,Morkonian9
1666,beverlymallen
1667,NikolaiYYDS
1668,lucasm-paixao
1669,y-hbb
1670,HkDotPY
1671,Bishal-11
1672,yashprogrammers
1673,goeo1066
1674,GitHub7667
1675,RaphaelCaamano
1676,cstiago
1677,SnorlaxCansado
1678,rahulnuvo
1679,natamartinscodedev
1680,abhisekde96
1681,applications-engineering
1682,arch1024
1683,remotemommy
1684,Sameerkhansabri
1685,SA-Official
1686,XQH139
1687,Disnord
1688,AbdullahKhalide
1689,theHeadlessGrapes
1690,3d01
1691,RuanGaldino
1692,FlipGeorgios
1693,mohamedahmedch
1694,negoceio
1695,AmirSheikhmagomedov
1696,anthonybiondojr
1697,zhuofuAMZ
1698,caimindy
1699,Dereck234
1700,WorananH
1701,CauaFChristoni
1702,SushilkumarDev
1703,valuezon-team
1704,imanojchandra
1705,nihanth1234
1706,rsmelonw
1707,DarkCodeStudios
1708,the-vishh
1709,Rumie01
1710,nickdengamazon
1711,jaiprakashbhola
1712,fbrunamiranda
1713,iirachet
1714,chuqiang188
1715,Ian2027
1716,J4R3D5
1717,firascoding
1718,sourenroy
1719,MominIshaque
1720,kavin-raja-d
1721,kyawtiz
1722,arihitaD
1723,Michael-MT-T
1724,SkyeCai0608
1725,GeekAmir
1726,7IAM7
1727,bbg-it
1728,thankful-kitt
1729,PauloDevelop01
1730,tpna
1731,ShinyaOkayama
1732,NmtDlrCkn
1733,AbolfazlPoornaderiyan
1734,migueelss
1735,harish-zuper
1736,bear-dotcom
1737,Robertrabbit0802
1738,godkerbi
1739,Administrator33
1740,DennisEms
1741,jcjiacheng
1742,omarmoashraf
1743,mohammadmehrani83
1744,Sr-Serda
1745,EsadCakinPD
1746,K437-max
1747,Jayveer-Singh0017
1748,Yasaswini-Yasaswini
1749,github-audiyang
1750,mikey-sys
1751,Pascal-Felis
1752,HiagoPetry
1753,Hitalo-Uzan
1754,Eduardo7coelho
1755,crypto820
1756,fbaravalle-arit
1757,Himmu-52
1758,ezatk
1759,jvieira209
1760,20240906book
1761,zeroone98
1762,455272
1763,kalgiswar
1764,sapiendummy
1765,Johnny5x5
1766,ahcetse
1767,Sonne40
1768,sriishtyb
1769,micwilsoneng
1770,anup-aws
1771,3r3m1t3
1772,ikomers-dev
1773,recconect-max
1774,felixword
1775,jeyaganeshan-dev
1776,Len1na
1777,Larasho6
1778,Sahiscs8
1779,hironb
1780,malisohail72
1781,Destr0rso
1782,noideawhatimdoing-llm
1783,sivaduraiAmz
1784,renatzef
1785,Yezbyte
1786,PatrickCarvalho7
1787,yzw2024
